0,1,2,3,4,5,6,7,8,9,10,11
52,mony mony ,5:01 ,Music ,Billy Idol ,Billy Idol ,,,,,,
53,rebel yell ,4:45 ,Music ,Billy Idol ,Billy Idol ,,,,,,
50,to be a lover ,3:51 ,Music ,Billy Idol ,vitol idol ,,,,,,
54,White wedding ,4:09 ,Music ,Billy Idol ,Billy Idol ,,,,,,
55,A Matter of Trust ,4:12 ,Music ,Billy Joel ,Billy Joel ,,,,,,
56,Uptown Girl ,3:15 ,Music ,Billy Joel ,Disc 2 ,,,,,,
57,You're Only Human (Second Wind) ,4:48 ,Music ,Billy Joel ,Disc 2 ,,,,,,
58,Caribbean Queen (No More Love on the Run) ,3:39 ,Music ,Billy Ocean ,Greatest Hits [Jive] ,,,,,,
59,In the Dark ,4:07 ,Music ,Billy Squier ,Don't Say No ,,,,,,
60,I can help ,3:57 ,Music ,Billy Swan ,Billy Swan ,,,,,,
61,"Everybody, Everybody ",4:09 ,Music ,Black Box ,1990's Dance ,,,,,,
62,Heart of galss ,3:43 ,Music ,Blondie ,Heart of glass ,,,,,,
63,Jamming ,3:33 ,Music ,Bob Marley & the Wail. ,Legend [Bonus Tracks ,,,,,,
64,One Love/People Get Ready ,2:53 ,Music ,Bob Marley & the Wail. ,Legend [Bonus Tracks ,,,,,,
65,I'll Be There For You ,5:40 ,Music ,Bon Jovi ,Bon Jovi ,,,,,,
66,It's My Life ,3:45 ,Music ,Bon Jovi ,Bon Jovi ,,,,,,
67,Runaway ,3:53 ,Music ,Bon Jovi ,Bon Jovi ,,,,,,
68,Green Onions ,2:53 ,Music ,Booker T. & The MG's ,Green Onions ,,,,,,
69,Oops! I Did It Again ,3:25 ,Music ,Britney spears ,Oops! I Did It Again ,,,,,,
70,Dancing in the Dark ,4:02 ,Music ,Bruce Springsteen ,Greatest Hits ,,,,,,
71,I'm On Fire ,2:33 ,Music ,Bruce Springsteen ,"Kuschelrock, Vol. 3 ",,,,,,
72,Street of Philadelphia ,3:31 ,Music ,Bruce Springsteen ,Bruce Springsteen ,,,,,,
73,fire ,4:10 ,Music ,Bruce Springstein ,fire ,,,,,,
74,Promises ,3:33 ,Music ,Calvin Harris ,Calvin Harris ,,,,,,
75,one kiss ,3:31 ,Music ,"Calvin Harris, Dua Lipa ","Calvin Harris, Dua Lipa ",,,,,,
76,HAVANNA ,3:35 ,Music ,Camila Cabello - Hava. ,Camila Cabello Hava. ,,,,,,
77,Drive ,3:54 ,Music ,The Cars ,Greatest Hits ,,,,,,
78,Heartbeat City ,4:30 ,Music ,The Cars ,Greatest Hits ,,,,,,
79,Roses ,3:47 ,Music ,The Chainsmokers ,Roses ,,,,,,
109,Dancing In the Dark ,3:49 ,Music ,Dev ,dev ,,,,,,
110,Say so ,3:54 ,Music ,Doja Cat ,Doja Cat ,,,,,,
111,Dirty Laundry ,5:37 ,Music ,Don Henley ,Don Henley ,,,,,,
112,Danza Kuduro ,3:15 ,Music ,Don Omar ,dabza kuduro ,,,,,,
113,I Feel Love ,5:52 ,Music ,Donna Summer ,The Dance Collection ,,,,,,
114,One Dance ,2:11 ,Music ,Drake - Kyle & wizkid ,Drake - Kyle & wizkid ,,,,,,
115,Born to Be Alive ,3:10 ,Music ,Drew's Famous ,Dance Party Favorites ,,,,,,
116,It's Raining Men ,3:28 ,Music ,Drew's Famous ,Dance Party Favorites ,,,,,,
117,There Goes My Baby ,2:12 ,Music ,The Drifters ,Golden Hits ,,,,,,
118,Up On The Roof - Lyrics - ,2:43 ,Music ,The Drifters ,Drifters ,,,,,,
119,Eagles - One of these nights ,4:50 ,Music ,Eagles ,Eagles ,,,,,,
120,perfect ,4:28 ,Music ,Ed Sheeran ,Ed Sheeran ,,,,,,
121,Perfect ,4:24 ,Music ,"Ed Sheeran, Andrea B. ",Perfect ,,,,,,
122,Take me home ,3:50 ,Music ,Eddie Money ,Eddie Money ,,,,,,
123,Stereo Love ,3:04 ,Music ,Edward Maya & Vika J ,maya ,,,,,,
124,Im Blue (Techno Remix) ,4:13 ,Music ,Eiffel 65 ,Europop ,,,,,,
125,Electric Slide ,4:09 ,Music ,Electric Slide ,Electric Slide ,,,,,,
126,"""BailandoVersion English Lyrics """,4:31 ,Music ,Enrique Iglesias ,Enrique Iglesias ,,,,,,
127,Heart Beat ,4:25 ,Music ,Enrique Inglesias Nicol. ,Enrique Inglesias Nicol ,,,,,,
128,Shame ,6:40 ,Music ,"Evelyn ""Champange' Ki. ",Evelyn 'Champange' Ki ,,,,,,
129,Missing ,4:59 ,Music ,Everything but the Girl ,100% Dance ,,,,,,
130,Kiss you all over ,4:55 ,Music ,Exile ,Exile ,,,,,,
131,Cheerleader ,2:58 ,Music ,Felix Jaehn ,Cheerleader ,,,,,,
132,Ain't nobody ,3:08 ,Music ,Felix Jaehn- Jasmine ,Ain't nobody ,,,,,,
133,work for home ,3:39 ,Music ,Fifth Harmony ,work for home ,,,,,,
134,Red Skies- ,4:13 ,Music ,The Fbx ,the fox ,,,,,,
135,Saved by Zero ,3:07 ,Music ,The Fbo ,One Thing Leads to A. ,,,,,,
136,Stand or Fall ,4:09 ,Music ,The Fox ,Ultimate Collection ,,,,,,
137,Club Can't Handle Me ,3:54 ,Music ,Flo Rida ,Party Time ,,,,,,
281 ,Everybody Wants to Rule the World ,4:10 ,Music ,Tears For Fears ,Tears Roll Down ,,,,Terry Bradford ,,
282 ,Suspicius ,2:35 ,Music ,Terry Bradford ,,,,,Thelma Houston ,,
283 ,Don't leave me this way ,3:40 ,Music ,Thelma Houston ,,,,,Greatest Hits [Arista] ,,
284 ,Hold Me Now ,4:47 ,Music ,Thompson Twins ,,,,,Collectio. ,,
285 ,Creep ,4:23 ,Music ,TLC ,The Platinum ,,,,The Tokens ,,
286 ,- The Lion Sleeps Tonight Lyrics(mp3) ,2:47 ,Music ,The Tokens ,,,,,,,
287 ,Help Yourself (Lyrics) ,2:53 ,Music ,Tom Jones ,Tom Jones ,,,,Tommy James & The ,,
288 ,Crimson and Clover ,5:22 ,Music ,Tommy James & The ,,,,,Superhits of Rock: 19. ,,
289 ,"Hold The Line, Love Isn't Always On Time 1978 ",3:57 ,Music ,Toto ,,,,,,,
290 ,Rosanna ,5:28 ,Music ,Toto ,Collections ,,,,,,
291 ,I Still Haven't Found What I'm Looking For ,4:38 ,Music ,U2 ,The Joshua Tree ,,,,one ,,
292 ,One ,4:38 ,Music ,U2 ,,,,,,,
293 ,Where the Streets Have No Name ,5:36 ,Music ,U2 ,The Joshua Tree ,,,,,,
294 ,(Oh) Pretty Woman ,2:54 ,Music ,Van Halen ,Van Halen ,,,,Van Halen ,,
295 ,Hot for Teacher ,4:43 ,Music ,Van Halen ,,,,,"Halen, Vol. ",,
296 ,Jump ,4:02 ,Music ,Van Halen ,Best of Van ,,,,"Best of Van Halen, Vol. ",,
297 ,Panama ,3:32 ,Music ,Van Halen ,,,,,Van Halen ,,
298 ,You Really Got Me ,2:43 ,Music ,Van Halen ,,,,,the hustle ,,
299 ,The Hustle ,3:59 ,Music ,Van McCoy ,,,,,Live and Sleazy [Rebo. ,,
300 ,Hot Cop ,5:57 ,Music ,The Village People ,,,,,Live and Sleazy [Rebo. ,,
301 ,Medley: San Francisco (You've Got Me)/In Holl. ,10:53 ,Music ,The Village People ,,,,,,,
303 ,Blinded Lights ,3:19 ,Music ,Weekend ,Weekend ,,,,,,
302 ,In the Night ,3:55 ,Music ,The Weekend ,In the Night ,,,,The Final ,,
304 ,Careless Whisper ,5:05 ,Music ,Wham! ,,,,,,,
305 ,Everything She Wants ,6:28 ,Music ,Wham! ,The Final ,,,,,,
306 ,Legs ,4:34 ,Music ,ZZ Top ,Eliminator ,,,,Attention ,,
307 ,Chanlie Puth - Attention ,3:51 ,Music ,,,,,,,,
308 ,el corazon ,4:54 ,Music ,,italian ,,,,like jagger ,,
309 310 ,Gigi D'agostino - Stand By Me (Lento Violento)(1) italian mix ,3:00 11:14 ,Music Music ,,italian ,,,,,,
138,Good Feeling ,3:57 ,Music ,Flo Rida ,like jagger ,,,,,,
139,I Cry ,3:40 ,Music ,Flo Rida ,Flo Rida ,,,,,,
140,I Ran ,5:08 ,Music ,A Flock of Seagulls ,A Flock of Seagulls ,,,,,,
141,Pumped Up Kicks ,4:15 ,Music ,Foster the People/Mar. ,like jagger ,,,,,,
142,Working My Way Back to You ,3:02 ,Music ,The Four Seasons ,The Four Seasons ,,,,,,
143,Relax don't do it ,3:53 ,Music ,Frankie Goes To Holly. ,Frankie goes to ,,,,,,
144,Sherry ,2:39 ,Music ,Frankie Valli ,Frankie Valli ,,,,,,
145,Capsize ,4:07 ,Music ,Freindship & Emily W. ,Freindship & Emily ,,,,,,
146,Unforgeatable ,3:52 ,Music ,French Montana ,French Montana - ,,,,,,
147,You Don't Own Me ,3:11 ,Music ,G-Eazy/Grace ,You Don't Own Me ,,,,,,
148,Fastlove ,5:32 ,Music ,George Michael ,fast love ,,,,,,
150,dancer ,3:30 ,Music ,gino soccio ,gino soccio ,,,,,,
149,Rhythm Is A Dancer ,5:31 ,Music ,gino soccio ,100% Dance ,,,,,,
151,Rhythm Is Gonna Get You ,3:56 ,Music ,Gloria Estefan;Rafael ,Greatest Hits ,,,,,,
152,Crazy ,2:55 ,Music ,Gnarles Barkley ,Crazy ,,,,,,
311,Let's live for today ,2:46 ,Music ,Grass Roots ,Grass Roots ,,,,,,
153,The Breakup Song (They Don't Write 'Em) ,2:51 ,Music ,Greg Kihn Band ,Greg Kihn Band ,,,,,,
154,Jeopardy ,4:24 ,Music ,Greg Kihn Band ,Entertainment Weekly. ,,,,,,
155,November Rain ,7:10 ,Music ,Guns N' Roses ,Use Your Illusion I ,,,,,,
156,take me home ,3:46 ,Music ,a ha ,take me home ,,,,,,
157,What Is Love ,4:31 ,Music ,Haddaway ,1990's Dance ,,,,,,
158,All I Wanna Do Is Make Love to You ,5:07 ,Music ,Heart ,Heart ,,,,,,
159,Never ,4:03 ,Music ,Heart ,Heart ,,,,,,
160,Straight On ,4:26 ,Music ,Heart ,Heart ,,,,,,
161,Someone New ,3:42 ,Music ,Hozier ,Someone New ,,,,,,
162,Don't You Want Me ,3:26 ,Music ,The Human League ,human league ,,,,,,
163,Human ,3:48 ,Music ,The Human League ,human league ,,,,,,
164,shots ,4:00 ,Music ,Imagine Dragons ,shots ,,,,,,
165,Sweat la la la ,4:27 ,Music ,inner circle ,Sweat la la la ,,,,,,
80,Ain't Nobody ,,4:39 ,Music ,Chaka Khan ,,,,,Ain't Nobody ,
81,Tequila - The Champs ,,2:10 ,Music ,The Champs ,,,,,Tequila ,
82,We don't talk anymore ,,3:50 ,Music ,Charley Puth Selena ,,,,G... ,Charley Puth Selena ,
83,Marvin Gaye ,,3:13 ,Music ,Charlie Puth Meghan ,,,,,Marvin Gaye ,
84,Ain't That a Shame ,,4:16 ,Music ,Cheap Trick ,,,,,At Budokan ,
85,Don't Be Cruel ,,3:28 ,Music ,Cheap Trick ,,,,,Cheap Trick ,
86,I Want You To Want Me ,,3:29 ,Music ,Cheap Trick ,,,,,Cheap Trick ,
87,International Love ,,3:53 ,Music ,Chris Brown ,,,,,Chris Brown ,
88,Rock the Casbah ,,3:49 ,Music ,The Clash ,,,,,The Clash ,
89,Rockabye ,,,,,,4:10 ,Music ,Clea Bandit ,Clea Bandit ,
90,Adventure of a Lifetime ,,3:47 ,Music ,Coldplay ,,,,,A Head Full of Dreams ,
91,A Sky Full of Stars ,,,,,,4:24 ,Music ,Coldplay ,Ghost Stories ,
92,born to be alive ,,6:14 ,Music ,The Countdown ,,,,Singers ,electric slide ,
93,Dreams ,,4:27 ,Music ,The Cranberries ,,,,,Stars: The Best of ,
94,Linger ,,,,,,4:35 ,Music ,The Cranberries ,Stars: The Best of ,
95,Susie e ,,4:37 ,Music ,Creedence - ,,,,,Creedence ,
96,Don't Dream It's Over ,,,,,,3:59 ,Music ,Crowded House ,Don't Dream It's Over ,
97,"Dreamboy, Dreamgirl ",,5:30 ,Music ,Cynthia & Johnny ,,,,o ,cynthia & johnny ,
98,Despacito ,,3:49 ,Music ,Daddy Yankee ,,,,,Despacito ,
99,Ashes to Ashes ,,,,,,4:24 ,Music ,David Bowie ,Changesbowie ,
100,China Girl ,,4:17 ,Music ,David Bowie ,,,,,Changesbowie ,
101,Golden Years ,,4:00 ,Music ,David Bowie ,,,,,Changesbowie ,
102,Let's Dance ,,4:10 ,Music ,David Bowie ,,,,,Changesbowie ,
103,Modern Love ,,3:58 ,Music ,David Bowie ,,,,,Changesbowie ,
104,Young Americans [Remix] ,,5:12 ,Music ,David Bowie ,,,,,Changesbowie ,
105,Titanium (ft. Sia) ,,4:05 ,Music ,David Guetta ,,,,,The World Is Mine ,
106,Love Bites ,,5:49 ,Music ,Def Leppard ,,,,,Vault: Def Leppard ,
107,Runaway ,,2:19 ,Music ,Del Shannon ,,,,,Del Shannon ,
108,i miss you ,,4:57 ,Music ,Deserts mystery ,,,,,,
1,"Look of Love, Pt. 1 ",3:29 ,Music ,ABC ,,,AC/DC ,Back in Black ,,,
4,Back in Black ,4:15 ,Music ,,,,AC/DC ,Back in Black ,,,
3,Hells Bells ,5:12 ,Music ,,,,,ACDC ,,,
2,Thunderstruck ,4:52 ,Music ,AC/DC ,,,AC/DC ,Back in Black ,,,
5,You Shook Me All Night Long ,3:30 ,Music ,,,,Adam Ant ,Adam Ant ,,,
6,Goody two shoes ,3:21 ,Music ,,,,Adele ,Adele ,,,
7,Set Fire to the Rain ,3:59 ,Music ,,,,,into you ,,,
8,into you ,4:14 ,Music ,Adriana Grande ,,,Aerosmith ,Big Ones ,,,
9,Angel ,5:08 ,Music ,,,,,Get A Grip ,,,
10,Cryin' ,5:11 ,Music ,Aerosmith ,,,Alesso ,Alesso ,,,
11,Alesso ,4:53 ,Music ,,,,,Alicia Keys ,,,
12,Empire State of Mind ,4:09 ,Music ,Alicia Keys ,,,,"Karma, ",,,
13,Girl On Fire ,3:52 ,Music ,Alicia Keys ,,,Connection ,Andrea True Connectic ,,,
14,More More More ,3:01 ,Music ,Andrea True ,,,ft. Pitbull ,Austin Mahone ft. Pitbu ,,,
15,Mmm Yeah ,4:04 ,Music ,Austin Mahone ,,,,Wake Me Up ,,,
16,Wake Me Up ,4:11 ,Music ,Avicii ,,,,Baby K ,,,
17,Da zero a cento ,3:43 ,Music ,Baby K ,,,Baltimora ,Baltimora ,,,
18,tarzan boy ,3:39 ,Music ,,,,,The Greatest Hits Coll. ,,,
19,Cruel Summer ,3:29 ,Music ,Bananarama ,,,,venus ,,,
20,Venus ,3:54 ,Music ,Bananarama ,,,Barry White ,All-Time Greatest Hits ,,,
22,Let the Music Play ,3:34 ,Music ,Barry White ,,,,All-Time Greatest Hits ,,,
23,Love's Theme ,4:13 ,Music ,,,,Barry White ,All-Time Greatest Hits ,,,
24,"Never, Never Gonna Give You Up ",4:09 ,Music ,Barry White ,,,,All-Time Greatest Hits ,,,
25,What Am I Gonna Do With You ,3:38 ,Music ,Barry White ,,,,All-Time Greatest Hits ,,,
26,"You're the First, the Last, My Everything ",3:28 ,Music ,Barry White ,,,,All-Time Greatest Hits ,,,
27,Camilla-English ,3:16 ,Music ,,,,Basshunter ,Diverse ,,,
28,Please Don't Go ,2:57 ,Music ,Basshunter ,,,,Diverse ,,,
29,Barbara Ann ,2:20 ,Music ,,,,The Beach Boys ,"Greatest Hits, Vol. 1 ",,,
30,California Girls ,2:47 ,Music ,Beach Boys ,,,,Beach Boys ,,,
31,Good Vibrations ,4:23 ,Music ,Beach Boys ,,,,Beach Boys ,,,
32,"Help Me, Rhonda ",2:46 ,Music ,The Beach Boys ,,,,"Greatest Hits, Vol. 1 ",,,
33,Kokomo ,3:34 ,Music ,Beach Boys ,,,,Beach Boys ,,,
34,Wouldn't It Be Nice ,2:32 ,Music ,Beach Boys ,,,,Beach Boys ,,,
35,The Ballad of John and Yoko ,3:00 ,Music ,Beatles ,,,,Blue Album ,,,
36,"Hello, Goodbye ",3:39 ,Music ,Beatles ,,,,Blue Album ,,,
37,"Komm,Gib Mir Deine Hand ",2:26 ,Music ,Beatles ,,,,Volume 1 ,,,
38,"Ob-La-Di, Ob-La-Da ",3:11 ,Music ,Beatles ,,,,Blue Album ,,,
39,Penny Lane ,3:02 ,Music ,Beatles ,,,,Blue Album ,,,
40,Bee Gees - More Than A Woman (With Lyrics) ,3:18 ,Music ,Bee Gees ,,,,saturday night fever ,,,
41,Night Fever ,3:34 ,Music ,Bee Gees ,,,,saturday night fever ,,,
42,You Should Be Dancing ,4:18 ,Music ,,,,Bee Gees ,saturday night fever ,,,
43,lonely chick ,3:40 ,Music ,benee ,,,,benee ,,,
44,Take My Breath Away ,4:14 ,Music ,,,,Berlin ,Count Three & Pray ,,,
45,Halo ,4:19 ,Music ,Beyoncé ,,,,I Am. Sasha Fierce ,,,
46,Single Ladies (Put a Ring On It) ,3:18 ,Music ,Beyoncé ,,,,Beyoncé ,,,
47,Sweet Dreams ,3:24 ,Music ,Beyoncé ,,,,Beyoncé ,,,
48,hot in the city ,5:10 ,Music ,Bille Idol ,,,,Bille Idol ,,,
49,dancing with myself ,3:22 ,Music ,,,,Billy Idol ,Billy Idol ,,,
51,dancing with myself ,3:22 ,Music ,Billy Idol ,,,,Billy Idol ,,,
224,West End Girls ,3:55 ,Music ,Pet Shop Boys ,,,,,Popart: The Hits 1985. ,,
225,In The Air Tonight ,6:08 ,Music ,Phil Collins ,,,,,Phil Collins ,,
226,Don't Stop the Party ,3:25 ,Music ,Pitbull ,,,,,pitbull ,,
227,Rain Over Me ,3:38 ,Music ,Pitbull ,,,,,pit bull ,,
228,Timber ,3:30 ,Music ,,,,,Pitbull Feat. Ke$ha ,Timber ,,
229,suavemente ,3:47 ,Music ,Pitbull Nayer ,,,,and Moh. ,suavemente ,,
230,Time Of Our Lives ,3:49 ,Music ,Pitbull Ne-Yo ,,,,,Time Of Our Lives ,,
231,Fire ,3:27 ,Music ,,,,,The Pointer Sisters ,Pointer Sisters ,,
232,I'm So Excited ,4:49 ,Music ,The Pointer ,,,,Sisters ,Break Out ,,
233,Slow Hand ,3:49 ,Music ,The Pointer ,,,,Sisters ,Greatest Hits [RCA] ,,
234,i took a pill in ibiza ,3:16 ,Music ,Posner ,,,,,Posner ,,
235,Circles ,3:32 ,Music ,Post Malone ,,,,,Post Malone ,,
236,Don't get me wrong ,3:51 ,Music ,The Pretenderss ,,,,,The Pretenderss ,,
237,Purple Rain ,8:40 ,Music ,Prince & the ,,,,Revolution ,Purple Rain ,,
238,When Doves Cry ,5:54 ,Music ,Prince & the ,,,,Revolution ,Purple Rain ,,
239,Another Night ,3:58 ,Music ,Real McCoy ,,,,,Party Time ,,
240,Run Away ,4:06 ,Music ,Real McCoy ,,,,,1990's Dance ,,
241,why ,3:35 ,Music ,rhianna ,,,,,rhianna ,,
242,I'm Too Sexy ,2:54 ,Music ,Right Said ,,,,Fred ,100% Dance ,,
243,Diamonds ,3:44 ,Music ,Rihanna ,,,,,Rihanna ,,
244,Love on the Brain ,3:43 ,Music ,Rihanna ,,,,,Anti ,,
245,Only Girl ( In The World ) ,3:57 ,Music ,Rihanna ,,,,,Rihanna ,,
246,Please Don't Stop the Music ,4:27 ,Music ,,,,,Rihanna ,Good Girl Gone Bad ,,
247,Pon De Replay ,3:37 ,Music ,Rihanna ,,,,,Rihanna ,,
248,Addicted to Love ,4:24 ,Music ,,,,,Robert Palmer ,"Addictions, Vol. 1 ",,
249,Simply Irresistible ,4:14 ,Music ,Robert Palmer ,,,,,"Addictions, Vol. 1 ",,
250,Some Like It Hot ,5:04 ,Music ,Robert Palmer ,,,,,"Addictions, Vol. 1 ",,
251,Big Log ,4:57 ,Music ,Robert Plant ,,,,,The Number One Aco. ,,
252,I'm In The Mood (For A Melody) With Lryrics~ ,2:48 ,Music ,Robert Plant ,,,,,robert plant ,,
195,L'Italiano ,,5:02 ,Music ,Louie ,,Holiday ,,,,
196,turn me loose ,,3:50 ,Music ,Loverboy ,,The Immaculate ,,,,
197,and she said ,,4:03 ,Music ,Lucas ,,Magic Organ ,,,,
198,Don't call me up ,,2:58 ,Music ,Mabel ,,Marc Anthony ,,,,
199,Holiday ,,4:05 ,Music ,Madonna ,,Platinum Hits 2000 ,,,,
200,La Isla Bonita ,,3:47 ,Music ,Madonna ,,like jagger ,,,,
201,Like a Virgin ,,3:10 ,Music ,Madonna ,,Meghan Trainor ,,,,
202,True Blue ,,4:15 ,Music ,Madonna ,,Meghan Trainor ,,,,
203,Vogue ,,5:18 ,Music ,Madonna ,,Techno ,,,,
204,My Wild Irish Rose ,,5:34 ,Music ,Magic ,,men at work ,,,,
205,I Need To Know ,,3:49 ,Music ,Marc ,,I Melt with You ,,,,
206,You Sang to Me [Radio Edit] ,,5:27 ,Music ,Marc ,,Mongo Jerry ,,,,
207,Moves Like Jagger ,,3:21 ,Music ,Maroon ,,mooron 5 ,,,,
208,All About That Bass ,,3:09 ,Music ,Meghan ,,Bye Bye Bye ,,,,
209,Dear Future Husband ,,3:06 ,Music ,Meghan ,,"Now, Vol. 5 ",,,,
210,I Turn To You (Techno Remix) ,,6:59 ,Music ,Melanie ,,furtado ,,,,
211,Down Under ,,3:28 ,Music ,Men ,,Close ,,,,
212,I Melt with You ,,3:47 ,Music ,Modern ,,1990's Dance ,,,,
213,In The Summertime ,,3:34 ,Music ,Mongo ,,Spirit In The Sky ,,,,
214,girls like you ,,3:59 ,Music ,mooron ,,Kids ,,,,
215,Bye Bye Bye ,,3:19 ,Music ,N' Sync ,,hey yah ,,,,
216,It's Gonna Be Me ,,3:26 ,Music ,N' Sync ,,Discography: The ,,,,
217,Say It Right ,,3:43 ,Music ,Nelly ,,,,,,
218,Close ,,4:09 ,Music ,Nick ,,,,,,
219,Where Do You Go ,,4:20 ,Music ,No ,,,,,,
220,Spirit In The Sky ,,3:57 ,Music ,Norman ,,,,,,
221,Kids ,,3:59 ,Music ,one ,,,,,,
222,hey yah ,,3:46 ,Music ,Outcast ,,,,,,
223,Always on My Mind ,,3:57 ,Music ,Pet ,,,,,,
166 Take you dancing ,3:09 ,Music ,Jason Darulo ,Jason Darulo ,,,,,,,
167 little crush ,3:26 ,Music ,jennefer paige ,little crush ,,,,,,,
168 Dance Again ft. Pitbull ,3:55 ,Music ,Jennifer Lopez ,Jennifer Lopez ,,,,,,,
169 On The Floor feat Pitbull ,3:49 ,Music ,Jennifer Lopez ,Jennifer Lopez ,,,,,,,
170 Waiting for tonight ,4:07 ,Music ,Jennifer Lopez ,Jennifer Lopez ,,,,,,,
171 New Lights ,3:36 ,Music ,John Mayer ,John Mayer ,,,,,,,
"172 Lovin', Touchin', Squeezin' ",3:58 ,Music ,Journey ,Journey's Greatest Hits ,,,,,,,
173 Walking on Sunshine ,4:00 ,Music ,Katrina & The Waves ,Anthology ,,,,,,,
174 Feels ,3:42 ,Music ,Katy Perry ,katy perry - ,,,,,,,
175 Turn me on ,2:57 ,Music ,Kevin Lyttle ,Techno ,,,,,,,
176 You Keep Me Hangin' On ,4:18 ,Music ,Kim Wilde ,The Singles Collection ,,,,,,,
177 Dancing in the Moonlight ,2:48 ,Music ,King Harvest ,King Harvest ,,,,,,,
178 Can't Get You Out of My Head ,3:50 ,Music ,Kylie Minogue ,Fever [UK] ,,,,,,,
179 Be My Lover ,4:02 ,Music ,La Bouche ,100% Dance ,,,,,,,
180 Sweet Dreams ,4:51 ,Music ,La Bouche ,1990's Dance ,,,,,,,
181 Bulletproof ,3:29 ,Music ,La Roux ,Bulletproof ,,,,,,,
182 Need You Know ,4:12 ,Music ,Lady Antebellum ,Need You Know ,,,,,,,
183 Dance in the Dark ,4:49 ,Music ,Lady GaGa ,The Fame Monster ,,,,,,,
184 Just Dance ,4:05 ,Music ,Lady GaGa ,Lady GaGa ,,,,,,,
185 All My Love ,5:51 ,Music ,Led Zeppelin ,In Through the Out Doc. ,,,,,,,
186 D'yer Maker ,4:22 ,Music ,Led Zeppelin ,Led Zeppelin ,,,,,,,
187 Ocean's 12 ,3:53 ,Music ,led zepplin ,Techno ,,,,,,,
188 Bleeding Love (Dance Mix) ,3:21 ,Music ,Leona Lewis ,Bleeding Love ,,,,,,,
189 You Don't Own Me ,2:30 ,Music ,Lesley Gore ,20th Century Masters: ,,,,,,,
190 - Prayer in C (Robin Schulz ,3:13 ,Music ,Lilly Wood & The Prick.. ,- Prayer in C ,,,,,,,
191 All Around The World ,4:24 ,Music ,Lisa Stansfield ,1990's Dance ,,,,,,,
192 Girl Crush ,3:25 ,Music ,Little Big Town ,Pain Killer ,,,,,,,
193 The Loco-Motion lyrics ,3:20 ,Music ,Little Eva ,loco motion ,,,,,,,
194 I've Been Thinking About You ,5:19 ,Music ,Londonbeat ,1990's Dance ,,,,,,,
253,Blurred Lines ,4:19 ,Music ,Robin Thicke ,Robin Thicke ,,,,,,
254,Miss You ,3:33 ,Music ,The Rolling Stones ,Jump Back: The Best ,,,,,,
255,Start Me Up ,3:43 ,Music ,The Rolling Stones ,The Rolling Stones ,,,,,,
256,Talking in Your Sleep ,3:58 ,Music ,The Romantics ,The Romantics ,,,,,,
257,Ronettes - Be My Little Baby - Dirty Dancing ,2:39 ,Music ,The Ronettes ,like jagger ,,,,,,
258,Oh Pretty Woman ,3:01 ,Music ,Roy Orbison ,Roy Orbison ,,,,,,
259,Never as Good as the First Time ,3:58 ,Music ,Sade ,The Best of Sade ,,,,,,
260,No Ordinary Love ,7:18 ,Music ,Sade ,The Best of Sade ,,,,,,
261,Smooth Operator ,4:17 ,Music ,Sade ,The Best of Sade ,,,,,,
262,Dancing with a stranger ,2:58 ,Music ,Sam Smith ,Sam Smith ,,,,,,
263,The game of love ,3:48 ,Music ,Santana Michell Branch ,Santana Michell Branci ,,,,,,
264,I'll Fly With You ,5:15 ,Music ,Sarina Paris Remix) ,Trance Voices volume ,,,,,,
265,No One Like You ,3:55 ,Music ,Scorpions ,Wind of Change ,,,,,,
266,Wind of Change ,5:12 ,Music ,Scorpions ,Wind of Change ,,,,,,
267,Crazy ,5:55 ,Music ,Seal ,Seal [1991] ,,,,,,
268,Love You Like A Love Song Baby ,3:08 ,Music ,Selena Gomez ,Love You Like A Love ,,,,,,
269,"whenever, wherever spanish ",19:15 ,Music ,Shakira ,Grandes Exitos ,,,,,,
270,Seniorita ,3:09 ,Music ,"Shaun Mandes, Camil. ","Shaun Mandes, Camil. ",,,,,,
271,cheap thrills ,3:44 ,Music ,Sia Ft. Sean Paul ,cheap thrills ,,,,,,
272,Thunderclouds ,3:06 ,Music ,"Sia, Diplo, Labrinth ","Sia, Diplo, Labrinth ",,,,,,
273,Hot Fun in the Summertime ,2:39 ,Music ,Sly & The Family Stone ,Hot fun in the summer ,,,,,,
274,tainted love ,4:13 ,Music ,Soft Cell ,tainted love ,,,,,,
312,It feels so good ,3:49 ,Music ,Sonique ,Sonique ,,,,,,
275,Na Na Hey Hey (Kiss Him Goodbye) ,4:12 ,Music ,Steam ,There Was Love (The ,,,,,,
276,Abracadabra ,5:06 ,Music ,Steve Miller Band ,Abracadabra ,,,,,,
277,you make feel mighty reaol ,6:36 ,Music ,Sylvester ,The Original Hits ,,,,,,
278,Tainted Love ,2:36 ,Music ,Tainted Love ,tainted love ,,,,,,
279,boogie oogie oogie ,5:24 ,Music ,A Taste Of Honey ,boogie oogie oogie ,,,,,,
